{
  "coins": [
    {
      "pair": "BULLAUSDT",
      "score": 83.042,
      "start_time": 1769665800,
      "start_price": 0.09338,
      "last_score": 81.177,
      "max_score": 93.076,
      "max_price": 0.37976,
      "increase_percent": 306.68237309916464
    }
  ],
  "fetched_at": "2026-02-01T08:53:49.725719700Z",
  "source_type": "api"
}