{
  "coins": [
    {
      "pair": "SENTUSDT",
      "score": 70.07321833139008,
      "start_time": 1768781100,
      "start_price": 0.02217,
      "last_score": 75.87479151273024,
      "max_score": 81.69243052639,
      "max_price": 0.03293,
      "increase_percent": 48.534055029318914
    }
  ],
  "fetched_at": "2026-01-30T00:54:14.547908557Z",
  "source_type": "api"
}